3/9/2018,4.1180,5.3209,4.7752,3.7096,4.2462,2.9580,3.1512,2.9993,52.4660
4/9/2018,4.1330,5.3146,4.7955,3.7207,4.2599,2.9737,3.1535,3.0078,52.6537
5/9/2018,4.1400,5.3211,4.7962,3.7077,4.2492,2.9717,3.1414,3.0070,52.7442
6/9/2018,4.1430,5.3536,4.8241,3.7224,4.2716,2.9817,3.1460,3.0124,52.7838
7/9/2018,4.1420,5.3515,4.8113,3.7477,4.2900,2.9769,3.1486,3.0121,52.7637
12/9/2018,4.1500,5.4021,4.8128,3.7206,4.2625,2.9486,3.1745,3.0147,52.8703
13/9/2018,4.1390,5.3993,4.8149,3.7144,4.2653,2.9693,3.1841,3.0170,52.7382
14/9/2018,4.1380,5.4262,4.8373,3.6927,4.2801,2.9752,3.1821,3.0193,52.7228
18/9/2018,4.1440,5.4465,4.8369,3.7073,4.3037,2.9688,3.1747,3.0156,52.8241
19/9/2018,4.1420,5.4455,4.8321,3.6893,4.2936,2.9893,3.1906,3.0209,52.7926
20/9/2018,4.1380,5.4382,4.8332,3.6848,4.2774,3.0038,3.2015,3.0226,52.7537
21/9/2018,4.1300,5.4817,4.8660,3.6705,4.3070,3.0116,3.2008,3.0283,52.6618
24/9/2018,4.1320,5.4063,4.8534,3.6690,4.3073,3.0069,3.1976,3.0262,52.9506
25/9/2018,4.1300,5.4157,4.8532,3.6571,4.2780,2.9971,3.1885,3.0241,52.8613
26/9/2018,4.1350,5.4458,4.8611,3.6606,4.2792,2.9987,3.1896,3.0269,52.9165
27/9/2018,4.1380,5.4514,4.8638,3.6665,4.2863,3.0034,3.1753,3.0308,52.9969
28/9/2018,4.1430,5.4174,4.8229,3.6522,4.2410,2.9863,3.1789,3.0283,52.9944
1/10/2018,4.1350,5.3912,4.7987,3.6320,4.2134,2.9863,3.2169,3.0244,52.8198
2/10/2018,4.1400,5.3981,4.7921,3.6329,4.2056,2.9940,3.2331,3.0162,52.8736
3/10/2018,4.1380,5.3691,4.7765,3.6426,4.2027,2.9694,3.2258,3.0108,52.7867
4/10/2018,4.1450,5.3611,4.7564,3.6229,4.1784,2.9417,3.2182,3.0012,52.8773
5/10/2018,4.1430,5.3967,4.7698,3.6329,4.1747,2.9299,3.2064,2.9993,52.8768
8/10/2018,4.1470,5.4396,4.7769,3.6428,4.1809,2.9232,3.2013,2.9977,52.9204
9/10/2018,4.1550,5.4372,4.7737,3.6747,4.1851,2.9413,3.2050,3.0015,53.0760
10/10/2018,4.1510,5.4598,4.7766,3.6709,4.1883,2.9559,3.2079,3.0078,52.9856
11/10/2018,4.1550,5.4888,4.7928,3.6999,4.1999,2.9380,3.1846,3.0063,53.0177
12/10/2018,4.1520,5.4964,4.8151,3.7012,4.1927,2.9579,3.1858,3.0201,52.9937
15/10/2018,4.1560,5.4473,4.7993,3.7104,4.1929,2.9516,3.1901,3.0133,53.0366
16/10/2018,4.1500,5.4602,4.8099,3.7100,4.2059,2.9619,3.1955,3.0175,52.9553
17/10/2018,4.1490,5.4700,4.8029,3.6910,4.1850,2.9624,3.2061,3.0197,52.9412
18/10/2018,4.1540,5.4401,4.7775,3.6865,4.1761,2.9593,3.1875,3.0147,52.9935
19/10/2018,4.1570,5.4128,4.7631,3.7004,4.1687,2.9502,3.1798,3.0104,53.0277
22/10/2018,4.1580,5.4283,4.7821,3.6973,4.1709,2.9497,3.1716,3.0163,53.0269
23/10/2018,4.1595,5.3920,4.7664,3.6891,4.1724,2.9395,3.1745,3.0122,53.0569
24/10/2018,4.1600,5.3997,4.7707,3.6991,4.1784,2.9499,3.1802,3.0184,53.0673
25/10/2018,4.1660,5.3691,4.7517,3.7213,4.1794,2.9458,3.1967,3.0164,53.1337
26/10/2018,4.1710,5.3468,4.7412,3.7102,4.1668,2.9485,3.1866,3.0181,53.1995
29/10/2018,4.1740,5.3536,4.7534,3.7278,4.1815,2.9573,3.1853,3.0220,53.2364
30/10/2018,4.1770,5.3470,4.7518,3.7122,4.1687,2.9523,3.1834,3.0178,53.2543
31/10/2018,4.1820,5.3136,4.7432,3.6927,4.1591,2.9625,3.1890,3.0184,53.3038
1/11/2018,4.1830,5.3718,4.7381,3.7087,4.1490,2.9716,3.1793,3.0217,53.3294
2/11/2018,4.1720,5.4207,4.7565,3.6979,4.1595,3.0063,3.1862,3.0298,53.2428
5/11/2018,4.1610,5.4089,4.7415,3.6748,4.1469,2.9955,3.1754,3.0295,53.1723
7/11/2018,4.1660,5.4691,4.7759,3.6841,4.1668,3.0212,3.1777,3.0369,53.1880
8/11/2018,4.1690,5.4726,4.7664,3.6696,4.1598,3.0309,3.1773,3.0391,53.2419
9/11/2018,4.1735,5.4518,4.7436,3.6619,4.1453,3.0279,3.1726,3.0339,53.3034
12/11/2018,4.1800,5.4106,4.7334,3.6689,4.1563,3.0196,3.1686,3.0318,53.3687
13/11/2018,4.1940,5.3926,4.7086,3.6896,4.1508,3.0075,3.1674,3.0279,53.5304
14/11/2018,4.1850,5.4418,4.7299,3.6730,4.1584,3.0241,3.1635,3.0355,53.4339
15/11/2018,4.1930,5.4454,4.7452,3.6913,4.1692,3.0512,3.1662,3.0433,53.5539
16/11/2018,4.1850,5.3493,4.7429,3.6840,4.1547,3.0475,3.1765,3.0421,53.4326
19/11/2018,4.1850,5.3710,4.7747,3.7121,4.1858,3.0630,3.1798,3.0472,53.4387
21/11/2018,4.1950,5.3637,4.7668,3.7183,4.2140,3.0259,3.1501,3.0489,53.5589
22/11/2018,4.1900,5.3531,4.7707,3.7044,4.2123,3.0419,3.1658,3.0502,53.5039
23/11/2018,4.1950,5.4015,4.7840,3.7124,4.2161,3.0426,3.1795,3.0554,53.5842
26/11/2018,4.1940,5.3700,4.7539,3.7115,4.2041,3.0314,3.1713,3.0482,53.5851
27/11/2018,4.1900,5.3674,4.7477,3.6916,4.1950,3.0252,3.1613,3.0473,53.5675
28/11/2018,4.1905,5.3379,4.7307,3.6830,4.1939,3.0293,3.1489,3.0401,53.5431
29/11/2018,4.1935,5.3777,4.7663,3.6924,4.2218,3.0600,3.1573,3.0525,53.5822
30/11/2018,4.1820,5.3442,4.7625,3.6865,4.1958,3.0604,3.1479,3.0528,53.4687
3/12/2018,4.1760,5.3294,4.7339,3.6770,4.1823,3.0694,3.1486,3.0480,53.3865
4/12/2018,4.1630,5.2949,4.7263,3.6653,4.1713,3.0615,3.1531,3.0438,53.2585
5/12/2018,4.1540,5.2810,4.7102,3.6820,4.1615,3.0362,3.1304,3.0403,53.2073
6/12/2018,4.1550,5.2860,4.7151,3.6796,4.1650,3.0120,3.1038,3.0357,53.1731
7/12/2018,4.1610,5.3157,4.7319,3.6911,4.1891,3.0084,3.1071,3.0381,53.2847
10/12/2018,4.1650,5.3000,4.7506,3.7029,4.2079,2.9988,3.1273,3.0377,53.2922
11/12/2018,4.1750,5.2442,4.7407,3.6917,4.2176,3.0002,3.1150,3.0377,53.4236
12/12/2018,4.1790,5.2229,4.7340,3.6819,4.2080,3.0181,3.1243,3.0446,53.4590
13/12/2018,4.1800,5.2727,4.7518,3.6870,4.2078,3.0171,3.1294,3.0462,53.4848
14/12/2018,4.1800,5.2823,4.7476,3.6825,4.2057,3.0125,3.1292,3.0460,53.5177
17/12/2018,4.1840,5.2618,4.7296,3.6883,4.1924,3.0003,3.1257,3.0400,53.5483
18/12/2018,4.1770,5.2680,4.7388,3.7043,4.2060,3.0003,3.1132,3.0434,53.4492
19/12/2018,4.1770,5.2885,4.7538,3.7149,4.2090,3.0041,3.1040,3.0485,53.4034
20/12/2018,4.1790,5.2739,4.7565,3.7137,4.2000,2.9754,3.0992,3.0446,53.3860
21/12/2018,4.1780,5.2906,4.7830,3.7538,4.2322,2.9718,3.0939,3.0487,53.3766
24/12/2018,4.1800,5.2890,4.7556,3.7634,4.2073,2.9486,3.0765,3.0438,53.3647
26/12/2018,4.1750,5.2993,4.7616,3.7738,4.2274,2.9417,3.0737,3.0417,53.3022
27/12/2018,4.1740,5.2839,4.7450,3.7597,4.2017,2.9527,3.0723,3.0418,53.3153
28/12/2018,4.1600,5.2612,4.7611,3.7535,4.2195,2.9303,3.0550,3.0347,53.1073
31/12/2018,4.1430,5.2575,4.7417,3.7541,4.2116,2.9221,3.0412,3.0343,52.9017
2/1/2019,4.1330,5.2679,4.7339,3.7700,4.2032,2.9096,3.0332,3.0298,52.7552
3/1/2019,4.1470,5.2028,4.7019,3.8519,4.1961,2.8730,3.0419,3.0330,52.9312
4/1/2019,4.1380,5.2284,4.7190,3.8479,4.1955,2.8949,3.0684,3.0335,52.8534
7/1/2019,4.1200,5.2460,4.7001,3.7976,4.1806,2.9310,3.0795,3.0312,52.5919
8/1/2019,4.1100,5.2513,4.7129,3.7793,4.1934,2.9350,3.0919,3.0296,52.4442
9/1/2019,4.1120,5.2370,4.7099,3.7822,4.1908,2.9380,3.1029,3.0291,52.4557
10/1/2019,4.1020,5.2481,4.7395,3.7974,4.2128,2.9415,3.1019,3.0309,52.3328
11/1/2019,4.0950,5.2199,4.7133,3.7773,4.1620,2.9447,3.0938,3.0286,52.2401
14/1/2019,4.0950,5.2629,4.6933,3.7759,4.1616,2.9525,3.0873,3.0268,52.2275
15/1/2019,4.0950,5.2752,4.6994,3.7794,4.1722,2.9509,3.0859,3.0273,52.2102
16/1/2019,4.1080,5.2812,4.6868,3.7876,4.1587,2.9565,3.0962,3.0306,52.3732
17/1/2019,4.1050,5.2885,4.6781,3.7685,4.1452,2.9437,3.0958,3.0302,52.3410
18/1/2019,4.1080,5.3301,4.6798,3.7581,4.1332,2.9541,3.0936,3.0308,52.3732
22/1/2019,4.1190,5.3090,4.6825,3.7572,4.1285,2.9467,3.0963,3.0305,52.4988
23/1/2019,4.1300,5.3496,4.6929,3.7734,4.1395,2.9414,3.0948,3.0359,52.6309
24/1/2019,4.1310,5.4038,4.7031,3.7736,4.1534,2.9578,3.0979,3.0426,52.6571
25/1/2019,4.1440,5.4320,4.6869,3.7776,4.1594,2.9369,3.1048,3.0468,52.8127
28/1/2019,4.1050,5.4190,4.6838,3.7547,4.1352,2.9482,3.1054,3.0333,52.3183
29/1/2019,4.1120,5.4048,4.6980,3.7666,4.1439,2.9384,3.0969,3.0363,52.4069
30/1/2019,4.1080,5.3761,4.6971,3.7554,4.1286,2.9491,3.0950,3.0389,52.3739
31/1/2019,4.0880,5.3577,4.6959,3.7518,4.1156,2.9626,3.1090,3.0335,52.1203
4/2/2019,4.0980,5.3598,4.6943,3.7404,4.1153,2.9637,3.1294,3.0322,52.2391
7/2/2019,4.0970,5.2987,4.6554,3.7283,4.0868,2.9097,3.0998,3.0209,52.2117
8/2/2019,4.0730,5.2753,4.6188,3.7112,4.0620,2.8792,3.0585,3.0006,51.9058
11/2/2019,4.0630,5.2547,4.6005,3.6987,4.0626,2.8831,3.0593,2.9954,51.7797
12/2/2019,4.0750,5.2417,4.5946,3.6871,4.0551,2.8778,3.0623,2.9930,51.9280
13/2/2019,4.0650,5.2390,4.6040,3.6771,4.0387,2.8829,3.0707,2.9956,51.7960
14/2/2019,4.0650,5.2252,4.5784,3.6635,4.0291,2.8829,3.0663,2.9899,51.7960
15/2/2019,4.0720,5.2101,4.5981,3.6887,4.0489,2.8887,3.0607,2.9974,51.8891
18/2/2019,4.0720,5.2561,4.6018,3.6837,4.0558,2.9111,3.0748,3.0027,51.8832
19/2/2019,4.0850,5.2746,4.6177,3.6955,4.0647,2.9069,3.0823,3.0090,52.0521
20/2/2019,4.0700,5.3162,4.6190,3.6743,4.0659,2.9141,3.0805,3.0079,51.8537
21/2/2019,4.0650,5.3016,4.6105,3.6724,4.0622,2.9244,3.0863,3.0075,51.7933
22/2/2019,4.0770,5.3168,4.6229,3.6819,4.0709,2.8959,3.0816,3.0104,51.9529
25/2/2019,4.0620,5.3086,4.6087,3.6671,4.0632,2.9084,3.0923,3.0093,51.7564
26/2/2019,4.0680,5.3388,4.6208,3.6639,4.0656,2.9135,3.0837,3.0142,51.8289
27/2/2019,4.0660,5.3891,4.6304,3.6783,4.0660,2.9214,3.0880,3.0168,51.8008
28/2/2019,4.0700,5.4188,4.6288,3.6716,4.0667,2.9052,3.0936,3.0182,51.8511
1/3/2019,4.0710,5.3949,4.6279,3.6492,4.0787,2.8872,3.0914,3.0104,51.8605
4/3/2019,4.0700,5.3862,4.6272,3.6339,4.0737,2.8836,3.0631,3.0055,51.8551
5/3/2019,4.0750,5.3680,4.6186,3.6429,4.0754,2.8839,3.0591,3.0072,51.9141
6/3/2019,4.0820,5.3670,4.6127,3.6515,4.0605,2.8819,3.0552,3.0092,52.0013
7/3/2019,4.0880,5.3863,4.6239,3.6621,4.0693,2.8751,3.0410,3.0123,52.0784
8/3/2019,4.0950,5.3591,4.5827,3.6730,4.0472,2.8710,3.0435,3.0073,52.1669
11/3/2019,4.0860,5.2959,4.5869,3.6844,4.0528,2.8712,3.0422,3.0051,52.0516
12/3/2019,4.0800,5.3946,4.5933,3.6612,4.0392,2.8817,3.0445,3.0066,51.9752
13/3/2019,4.0800,5.3330,4.6051,3.6651,4.0496,2.8821,3.0550,3.0077,51.9752
14/3/2019,4.0850,5.4253,4.6267,3.6726,4.0703,2.8901,3.0700,3.0185,52.0395
15/3/2019,4.0900,5.4160,4.6233,3.6560,4.0729,2.8937,3.0690,3.0164,52.1032
18/3/2019,4.0880,5.4330,4.6276,3.6641,4.0778,2.8968,3.0635,3.0205,52.0791
19/3/2019,4.0770,5.4069,4.6217,3.6627,4.0717,2.8930,3.0558,3.0171,51.9376
20/3/2019,4.0750,5.4010,4.6231,3.6508,4.0754,2.8765,3.0547,3.0120,51.9122
21/3/2019,4.0540,5.3586,4.6341,3.6628,4.0912,2.9043,3.0527,3.0110,51.6486
22/3/2019,4.0600,5.3267,4.6150,3.6653,4.0886,2.8826,3.0357,3.0083,51.7428
25/3/2019,4.0650,5.3593,4.5886,3.7015,4.0883,2.8735,3.0243,3.0042,51.8059
26/3/2019,4.0640,5.3641,4.5988,3.6878,4.0951,2.8932,3.0342,3.0115,51.7799
27/3/2019,4.0750,5.3814,4.5909,3.6858,4.0975,2.9051,3.0445,3.0129,51.9174
28/3/2019,4.0750,5.3704,4.5827,3.6938,4.0951,2.8851,3.0370,3.0047,51.9128
29/3/2019,4.0770,5.3237,4.5789,3.6776,4.0958,2.8890,3.0364,3.0077,51.9370
1/4/2019,4.0750,5.3048,4.5746,3.6679,4.0926,2.9006,3.0508,3.0096,51.9122
2/4/2019,4.0820,5.3348,4.5731,3.6643,4.0840,2.9015,3.0657,3.0112,52.0040
3/4/2019,4.0800,5.3566,4.5757,3.6595,4.0869,2.8935,3.0608,3.0124,51.9785
4/4/2019,4.0770,5.3719,4.5842,3.6565,4.0860,2.9032,3.0542,3.0135,51.9403
5/4/2019,4.0800,5.3350,4.5786,3.6510,4.0788,2.9017,3.0527,3.0120,51.9818
8/4/2019,4.0900,5.3366,4.5878,3.6675,4.0900,2.9014,3.0559,3.0171,52.1052
9/4/2019,4.0950,5.3485,4.6097,3.6753,4.0987,2.9165,3.0755,3.0230,52.1989
10/4/2019,4.0950,5.3427,4.6102,3.6835,4.0938,2.9152,3.0702,3.0237,52.2415
11/4/2019,4.1100,5.3820,4.6340,3.6997,4.1006,2.9436,3.0833,3.0390,52.4342
12/4/2019,4.1170,5.3768,4.6448,3.6828,4.1059,2.9342,3.0779,3.0352,52.4793
15/4/2019,4.1070,5.3765,4.6421,3.6679,4.0955,2.9431,3.0796,3.0350,52.3632
16/4/2019,4.1110,5.3850,4.6475,3.6705,4.0946,2.9476,3.0711,3.0384,52.4483
17/4/2019,4.1340,5.3907,4.6656,3.6865,4.1012,2.9608,3.0934,3.0507,52.7000
18/4/2019,4.1400,5.3994,4.6770,3.6971,4.0962,2.9680,3.1002,3.0599,52.7631
19/4/2019,4.1380,5.3757,4.6507,3.6963,4.0756,2.9570,3.0943,3.0523,52.7450
22/4/2019,4.1320,5.3662,4.6452,3.6899,4.0721,2.9527,3.0898,3.0485,52.6644
23/4/2019,4.1310,5.3629,4.6449,3.6983,4.0647,2.9433,3.0925,3.0456,52.6557
24/4/2019,4.1270,5.3408,4.6288,3.6875,4.0425,2.9260,3.0707,3.0410,52.6316
25/4/2019,4.1350,5.3362,4.6114,3.6877,4.0496,2.9011,3.0634,3.0355,52.7370
26/4/2019,4.1330,5.3274,4.5996,3.7011,4.0492,2.8976,3.0660,3.0318,52.6866
29/4/2019,4.1310,5.3368,4.6052,3.7006,4.0508,2.9107,3.0700,3.0330,52.6651
30/4/2019,4.1310,5.3447,4.6218,3.7000,4.0516,2.9194,3.0709,3.0362,52.6651
2/5/2019,4.1350,5.3982,4.6329,3.7069,4.0627,2.9032,3.0776,3.0382,52.7074
3/5/2019,4.1400,5.3973,4.6277,3.7157,4.0612,2.8976,3.0749,3.0383,52.7758
6/5/2019,4.1470,5.4516,4.6376,3.7591,4.0813,2.8880,3.0757,3.0368,52.8630
7/5/2019,4.1460,5.4325,4.6435,3.7442,4.0739,2.8985,3.0839,3.0405,52.8409
8/5/2019,4.1480,5.4231,4.6429,3.7665,4.0679,2.9098,3.0794,3.0435,52.8495
9/5/2019,4.1500,5.3992,4.6439,3.7741,4.0654,2.8971,3.0786,3.0450,52.8817
10/5/2019,4.1520,5.4005,4.6623,3.7780,4.0874,2.9052,3.0858,3.0440,52.9045
13/5/2019,4.1595,5.4107,4.6715,3.7907,4.1142,2.9042,3.0956,3.0490,52.9974
14/5/2019,4.1670,5.4025,4.6816,3.8076,4.1409,2.8994,3.0949,3.0436,53.0896
15/5/2019,4.1715,5.3854,4.6733,3.8058,4.1376,2.8904,3.0967,3.0453,53.1449
16/5/2019,4.1700,5.3564,4.6729,3.8093,4.1353,2.8856,3.1022,3.0467,53.1258
17/5/2019,4.1700,5.3305,4.6591,3.7916,4.1267,2.8710,3.0962,3.0371,53.1237
21/5/2019,4.1780,5.3165,4.6643,3.7923,4.1383,2.8908,3.1114,3.0366,53.2270
23/5/2019,4.1900,5.3016,4.6723,3.8011,4.1514,2.8789,3.1166,3.0356,53.3806
24/5/2019,4.1890,5.3037,4.6825,3.8182,4.1719,2.8904,3.1078,3.0364,53.3739
27/5/2019,4.1850,5.3262,4.6901,3.8219,4.1741,2.9002,3.1141,3.0456,53.3203
28/5/2019,4.1860,5.3078,4.6854,3.8193,4.1693,2.8984,3.1148,3.0428,53.3330
29/5/2019,4.1900,5.3024,4.6790,3.8338,4.1621,2.9024,3.1058,3.0373,53.3806
30/5/2019,4.1930,5.2928,4.6710,3.8285,4.1597,2.9011,3.1013,3.0369,53.4174
31/5/2019,4.1950,5.2895,4.6699,3.8388,4.1683,2.8954,3.0985,3.0390,53.4531
3/6/2019,4.1850,5.2928,4.6780,3.8639,4.1879,2.9052,3.0975,3.0470,53.3787
4/6/2019,4.1750,5.2881,4.6960,3.8682,4.2061,2.9096,3.1062,3.0541,53.2532
7/6/2019,4.1580,5.2769,4.6881,3.8333,4.1936,2.8994,3.1127,3.0475,53.0256
10/6/2019,4.1535,5.2824,4.6997,3.8295,4.1942,2.9021,3.1288,3.0440,52.9574
11/6/2019,4.1620,5.2795,4.7085,3.8359,4.2049,2.8947,3.1366,3.0462,53.0691
12/6/2019,4.1600,5.2915,4.7124,3.8330,4.1910,2.8941,3.1325,3.0492,53.1222
13/6/2019,4.1620,5.2828,4.6989,3.8359,4.1808,2.8838,3.1220,3.0455,53.2280
14/6/2019,4.1630,5.2774,4.6946,3.8422,4.1907,2.8762,3.1209,3.0454,53.1483
17/6/2019,4.1750,5.2572,4.6835,3.8430,4.1788,2.8720,3.1120,3.0448,53.3199
18/6/2019,4.1760,5.2363,4.6876,3.8467,4.1802,2.8626,3.1136,3.0471,53.3027
19/6/2019,4.1730,5.2417,4.6738,3.8443,4.1680,2.8702,3.1205,3.0518,53.2814
20/6/2019,4.1575,5.2700,4.6797,3.8617,4.1978,2.8691,3.1375,3.0543,53.1718
21/6/2019,4.1470,5.2704,4.6832,3.8623,4.2256,2.8718,3.1462,3.0578,53.1074
24/6/2019,4.1430,5.2803,4.7151,3.8583,4.2423,2.8794,3.1393,3.0594,53.0365
25/6/2019,4.1400,5.2748,4.7196,3.8576,4.2579,2.8819,3.1418,3.0592,53.0185
26/6/2019,4.1470,5.2605,4.7114,3.8623,4.2490,2.8859,3.1460,3.0605,53.1074
27/6/2019,4.1460,5.2642,4.7148,3.8499,4.2401,2.8989,3.1601,3.0609,53.0865
28/6/2019,4.1400,5.2479,4.7068,3.8444,4.2431,2.8997,3.1625,3.0599,52.9737
1/7/2019,4.1250,5.2334,4.6827,3.8103,4.2105,2.8908,3.1496,3.0486,52.8230
2/7/2019,4.1400,5.2342,4.6712,3.8178,4.1928,2.8835,3.1512,3.0517,52.9879
3/7/2019,4.1360,5.2105,4.6700,3.8424,4.2011,2.8915,3.1575,3.0508,53.0454
4/7/2019,4.1350,5.2018,4.6663,3.8372,4.1920,2.9086,3.1664,3.0499,53.0523
5/7/2019,4.1320,5.1960,4.6605,3.8305,4.1919,2.9011,3.1636,3.0458,53.0587
8/7/2019,4.1420,5.1879,4.6473,3.8158,4.1771,2.8907,3.1669,3.0434,53.1148
9/7/2019,4.1400,5.1804,4.6430,3.8027,4.1608,2.8852,3.1598,3.0434,53.0565
10/7/2019,4.1400,5.1564,4.6376,3.7992,4.1646,2.8665,3.1528,3.0392,53.0035
11/7/2019,4.1280,5.1637,4.6477,3.8173,4.1777,2.8735,3.1579,3.0402,52.7918
12/7/2019,4.1110,5.1507,4.6282,3.7875,4.1500,2.8715,3.1480,3.0268,52.5549
15/7/2019,4.1070,5.1613,4.6294,3.8084,4.1721,2.8815,3.1507,3.0245,52.4608
16/7/2019,4.1080,5.1403,4.6244,3.8051,4.1697,2.8908,3.1457,3.0282,52.4810
17/7/2019,4.1120,5.1022,4.6100,3.7986,4.1615,2.8854,3.1408,3.0260,52.6161
18/7/2019,4.1100,5.1096,4.6180,3.8144,4.1700,2.8807,3.1480,3.0201,52.6114
19/7/2019,4.1090,5.1556,4.6271,3.8216,4.1792,2.9038,3.1535,3.0276,52.5891
22/7/2019,4.1120,5.1408,4.6096,3.8092,4.1801,2.8940,3.1466,3.0198,52.7011
23/7/2019,4.1120,5.1277,4.6067,3.8064,4.1814,2.8899,3.1330,3.0195,52.6451
24/7/2019,4.1180,5.1224,4.5907,3.8066,4.1765,2.8760,3.1342,3.0151,52.7198
25/7/2019,4.1165,5.1382,4.5833,3.8049,4.1796,2.8725,3.1333,3.0158,52.6737
26/7/2019,4.1180,5.1281,4.5895,3.7881,4.1567,2.8608,3.1287,3.0105,52.6881
29/7/2019,4.1180,5.0968,4.5854,3.7964,4.1491,2.8443,3.1278,3.0069,52.6726
31/7/2019,4.1250,5.0127,4.6002,3.7962,4.1650,2.8331,3.1390,3.0088,52.7197
1/8/2019,4.1440,5.0171,4.5750,3.7928,4.1556,2.8316,3.1354,3.0099,52.9361
2/8/2019,4.1500,5.0373,4.6011,3.8734,4.1991,2.8253,3.1387,3.0171,53.0609
5/8/2019,4.1560,5.0612,4.6231,3.9082,4.2374,2.8252,3.1487,3.0188,53.0976
6/8/2019,4.1870,5.0893,4.7070,3.9552,4.3107,2.8329,3.1693,3.0216,53.3784
7/8/2019,4.1870,5.1002,4.6924,3.9400,4.2904,2.8338,3.1533,3.0312,53.4206
8/8/2019,4.1870,5.0880,4.6936,3.9489,4.2944,2.8283,3.1469,3.0259,53.3961
9/8/2019,4.1830,5.0777,4.6812,3.9470,4.2933,2.8490,3.1613,3.0263,53.3369
13/8/2019,4.1910,5.0598,4.6960,3.9763,4.3197,2.8314,3.1645,3.0214,53.4171
14/8/2019,4.1850,5.0442,4.6772,3.9355,4.2897,2.8429,3.1661,3.0221,53.3379
15/8/2019,4.1910,5.0539,4.6688,3.9549,4.3038,2.8323,3.1488,3.0166,53.4730
16/8/2019,4.1900,5.0649,4.6517,3.9480,4.2860,2.8396,3.1452,3.0161,53.4398
19/8/2019,4.1750,5.0693,4.6301,3.9246,4.2637,2.8298,3.1455,3.0116,53.2288
20/8/2019,4.1810,5.0716,4.6342,3.9207,4.2585,2.8259,3.1358,3.0144,53.2951
21/8/2019,4.1770,5.0805,4.6331,3.9280,4.2675,2.8299,3.1373,3.0146,53.2597
22/8/2019,4.1750,5.0626,4.6280,3.9161,4.2468,2.8290,3.1398,3.0160,53.2403
23/8/2019,4.1850,5.1237,4.6357,3.9263,4.2500,2.8278,3.1452,3.0197,53.3964
26/8/2019,4.2050,5.1583,4.6844,3.9979,4.3137,2.8262,3.1598,3.0252,53.6154
27/8/2019,4.2020,5.1319,4.6655,3.9694,4.2939,2.8448,3.1720,3.0261,53.5607
28/8/2019,4.2025,5.1594,4.6593,3.9736,4.2817,2.8367,3.1595,3.0245,53.5589
29/8/2019,4.2120,5.1445,4.6682,3.9732,4.2936,2.8389,3.1648,3.0339,53.6971
30/8/2019,4.2180,5.1379,4.6617,3.9617,4.2727,2.8349,3.1741,3.0369,53.7551
3/9/2019,4.2200,5.0872,4.6222,3.9706,4.2540,2.8312,3.1644,3.0303,53.8025
4/9/2019,4.2120,5.0923,4.6218,3.9766,4.2679,2.8486,3.1579,3.0293,53.6896
5/9/2019,4.1940,5.1314,4.6268,3.9410,4.2735,2.8507,3.1701,3.0286,53.4990
6/9/2019,4.1850,5.1572,4.6156,3.9094,4.2418,2.8517,3.1628,3.0230,53.3964
10/9/2019,4.1700,5.1466,4.6045,3.8805,4.1998,2.8602,3.1646,3.0189,53.1949
11/9/2019,4.1700,5.1491,4.6053,3.8737,4.2024,2.8573,3.1713,3.0215,53.1786
12/9/2019,4.1710,5.1428,4.5923,3.8606,4.1962,2.8663,3.1637,3.0271,53.2280
13/9/2019,4.1630,5.1330,4.6051,3.8464,4.2059,2.8583,3.1502,3.0272,53.2094
17/9/2019,4.1710,5.1791,4.5910,3.8542,4.2034,2.8617,3.1494,3.0315,53.3512
18/9/2019,4.1750,5.2129,4.6205,3.8590,4.2015,2.8620,3.1512,3.0372,53.3458
19/9/2019,4.1905,5.2235,4.6196,3.8690,4.1985,2.8537,3.1486,3.0423,53.5144
20/9/2019,4.1810,5.2363,4.6196,3.8720,4.2122,2.8356,3.1521,3.0326,53.3897
23/9/2019,4.1730,5.2067,4.5970,3.8747,4.2067,2.8243,3.1435,3.0305,53.2474
24/9/2019,4.1770,5.1945,4.5909,3.8798,4.2166,2.8295,3.1498,3.0316,53.3005
25/9/2019,4.1830,5.2200,4.6038,3.9068,4.2402,2.8411,3.1565,3.0384,53.3560
26/9/2019,4.1930,5.1817,4.5913,3.8921,4.2277,2.8303,3.1617,3.0395,53.4992
27/9/2019,4.1890,5.1638,4.5719,3.8863,4.2160,2.8280,3.1570,3.0300,53.4264
 
3/9/2018,12.5779,7.6965,13.3954,0.3687,0.0279,109.7928,0.0000,0.6027,2.9993
4/9/2018,12.6198,7.7267,13.4350,0.3710,0.0279,110.1928,0.0000,0.6055,3.0080
5/9/2018,12.6104,7.7253,13.4433,0.3706,0.0277,110.3706,0.0000,0.6048,3.0068
6/9/2018,12.6253,7.7193,13.4478,0.3699,0.0277,110.4476,0.0000,0.6062,3.0124
7/9/2018,12.6319,7.6716,13.4454,0.3686,0.0278,110.4298,0.0000,0.6057,3.0121
12/9/2018,12.6370,7.6905,13.4679,0.3684,0.0279,110.6431,0.0000,0.6036,3.0149
13/9/2018,12.6189,7.6535,13.4567,0.3694,0.0279,110.3439,0.0000,0.6030,3.0172
14/9/2018,12.7010,7.6559,13.4674,0.3696,0.0279,110.3231,0.0000,0.6042,3.0193
18/9/2018,12.6844,7.6458,13.4445,0.3672,0.0278,110.4890,0.0000,0.6041,3.0156
19/9/2018,12.7133,7.6619,13.4454,0.3685,0.0279,110.4357,0.0000,0.6034,3.0209
20/9/2018,12.7519,7.6772,13.4512,0.3698,0.0278,110.3290,0.0000,0.6041,3.0226
21/9/2018,12.7469,7.6356,13.4335,0.3700,0.0278,110.1157,0.0000,0.6031,3.0283
24/9/2018,12.7531,7.6264,13.4808,0.3702,0.0279,110.1720,0.0000,0.6025,3.0267
25/9/2018,12.7312,7.6087,13.4519,0.3691,0.0278,110.1187,0.0000,0.6022,3.0239
26/9/2018,12.7505,7.6151,13.4805,0.3700,0.0277,110.2520,0.0000,0.6019,3.0271
27/9/2018,12.7480,7.6220,13.4907,0.3709,0.0278,110.3378,0.0000,0.6014,3.0304
28/9/2018,12.7713,7.6580,13.5867,0.3724,0.0278,110.4712,0.0000,0.6011,3.0287
1/10/2018,12.7821,7.6503,13.5721,0.3727,0.0277,110.2578,0.0000,0.6019,3.0242
2/10/2018,12.8452,7.6435,13.5467,0.3714,0.0278,110.3912,0.0000,0.6026,3.0162
3/10/2018,12.7834,7.6291,13.4885,0.3696,0.0275,110.3378,0.0000,0.6024,3.0112
4/10/2018,12.7069,7.6307,13.4617,0.3675,0.0275,110.5274,0.0000,0.6034,3.0006
5/10/2018,12.6504,7.6186,13.4308,0.3662,0.0273,110.4741,0.0000,0.6031,2.9993
8/10/2018,12.6125,7.6471,13.4047,0.3664,0.0273,110.5778,0.0000,0.6037,2.9977
9/10/2018,12.5985,7.6727,13.4114,0.3664,0.0273,110.7911,0.0000,0.5993,3.0007
10/10/2018,12.6132,7.6580,13.4011,0.3670,0.0272,110.6845,0.0000,0.5995,3.0078
11/10/2018,12.6024,7.6675,13.3653,0.3644,0.0273,110.7705,0.0000,0.5999,3.0061
12/10/2018,12.7167,7.6789,13.3845,0.3658,0.0272,110.7111,0.0000,0.6025,3.0201
15/10/2018,12.6862,7.6792,13.4346,0.3668,0.0273,110.8178,0.0000,0.6000,3.0133
16/10/2018,12.6679,7.6568,13.4487,0.3679,0.0273,110.5753,0.0000,0.5997,3.0175
17/10/2018,12.7544,7.7090,13.4581,0.3693,0.0273,110.5840,0.0000,0.6001,3.0194
18/10/2018,12.7502,7.7040,13.4425,0.3675,0.0274,110.7172,0.0000,0.5995,3.0147
19/10/2018,12.7515,7.6704,13.4088,0.3652,0.0274,110.7883,0.0000,0.5991,3.0104
22/10/2018,12.7507,7.7401,13.4354,0.3667,0.0274,110.8150,0.0000,0.6000,3.0157
23/10/2018,12.6891,7.7285,13.4351,0.3663,0.0274,110.8579,0.0000,0.5985,3.0122
24/10/2018,12.6907,7.7323,13.4328,0.3667,0.0274,110.8712,0.0000,0.5995,3.0184
25/10/2018,12.6472,7.7478,13.4339,0.3657,0.0274,111.0400,0.0000,0.5998,3.0164
26/10/2018,12.6586,7.7542,13.4622,0.3666,0.0275,111.1852,0.0000,0.6001,3.0181
29/10/2018,12.5989,7.7743,13.4680,0.3666,0.0274,111.2711,0.0000,0.6011,3.0220
30/10/2018,12.5851,7.7856,13.4703,0.3661,0.0274,111.3540,0.0000,0.5999,3.0178
31/10/2018,12.5548,7.8139,13.5130,0.3671,0.0275,111.4873,0.0000,0.6002,3.0180
1/11/2018,12.6413,7.8223,13.5119,0.3669,0.0275,111.5110,0.0000,0.5995,3.0217
2/11/2018,12.6731,7.8318,13.5940,0.3700,0.0276,111.2177,0.0000,0.6024,3.0298
5/11/2018,12.6744,7.8156,13.5874,0.3709,0.0278,110.9275,0.0000,0.6037,3.0295
7/11/2018,12.6357,7.8456,13.5559,0.3721,0.0281,111.0608,0.0000,0.6019,3.0369
8/11/2018,12.6910,7.9078,13.5984,0.3725,0.0286,111.1407,0.0000,0.6022,3.0391
9/11/2018,12.6835,7.8909,13.5679,0.3713,0.0287,111.2607,0.0000,0.6016,3.0339
12/11/2018,12.6322,7.8883,13.5723,0.3699,0.0285,111.4310,0.0000,0.6007,3.0318
13/11/2018,12.6688,7.8687,13.5557,0.3681,0.0283,111.8042,0.0000,0.6021,3.0286
14/11/2018,12.6684,7.8739,13.5463,0.3704,0.0282,111.5673,0.0000,0.6015,3.0355
15/11/2018,12.7292,7.8890,13.5735,0.3698,0.0284,111.7537,0.0000,0.6032,3.0433
16/11/2018,12.6741,7.9412,13.5722,0.3711,0.0285,111.5316,0.0000,0.6030,3.0421
19/11/2018,12.7242,7.9585,13.5604,0.3717,0.0286,111.5316,0.0000,0.6031,3.0472
21/11/2018,12.7237,7.9890,13.5331,0.3702,0.0287,111.7981,0.0000,0.6040,3.0485
22/11/2018,12.7008,8.0237,13.5766,0.3711,0.0287,111.6678,0.0000,0.6047,3.0502
23/11/2018,12.7237,7.9981,13.5695,0.3715,0.0288,111.7981,0.0000,0.6050,3.0554
26/11/2018,12.6822,8.0023,13.5640,0.3704,0.0288,111.7804,0.0000,0.6035,3.0489
27/11/2018,12.6739,7.9810,13.5651,0.3708,0.0289,111.6559,0.0000,0.6036,3.0479
28/11/2018,12.6754,7.9607,13.5479,0.3704,0.0289,111.6692,0.0000,0.6027,3.0401
29/11/2018,12.6960,7.9968,13.6007,0.3732,0.0289,111.7492,0.0000,0.6030,3.0525
30/11/2018,12.6881,7.9840,13.5925,0.3735,0.0291,111.4427,0.0000,0.6023,3.0521
3/12/2018,12.6892,7.9740,13.5620,0.3740,0.0292,111.2858,0.0000,0.5996,3.0473
4/12/2018,12.6998,7.9160,13.6104,0.3739,0.0292,110.9423,0.0000,0.6045,3.0438
5/12/2018,12.6956,7.8615,13.5142,0.3736,0.0291,110.7025,0.0000,0.6073,3.0403
6/12/2018,12.6987,7.8768,13.4973,0.3724,0.0289,110.7498,0.0000,0.6058,3.0357
7/12/2018,12.6667,7.8807,13.4752,0.3723,0.0286,110.8979,0.0000,0.6045,3.0381
10/12/2018,12.6904,7.8957,13.4576,0.3703,0.0288,111.0134,0.0000,0.6055,3.0377
11/12/2018,12.7209,7.8937,13.4960,0.3694,0.0287,111.2681,0.0000,0.6037,3.0379
12/12/2018,12.7370,7.9238,13.5783,0.3709,0.0286,111.3836,0.0000,0.6054,3.0446
13/12/2018,12.7468,7.9422,13.5829,0.3715,0.0286,111.4013,0.0000,0.6074,3.0453
14/12/2018,12.7751,7.9362,13.6001,0.3709,0.0288,111.4013,0.0000,0.6073,3.0460
17/12/2018,12.7990,7.8884,13.5541,0.3693,0.0287,111.5079,0.0000,0.6055,3.0400
18/12/2018,12.7464,7.8871,13.5454,0.3694,0.0286,111.3481,0.0000,0.6055,3.0431
19/12/2018,12.7503,7.8663,13.6054,0.3710,0.0288,111.3421,0.0000,0.6057,3.0485
20/12/2018,12.7759,7.8671,13.5528,0.3706,0.0289,111.3747,0.0000,0.6063,3.0450
21/12/2018,12.7807,7.8667,13.5932,0.3714,0.0289,111.3302,0.0000,0.6067,3.0487
24/12/2018,12.7907,7.8764,13.5679,0.3708,0.0287,111.3835,0.0000,0.6051,3.0438
26/12/2018,12.8146,7.8714,13.5499,0.3706,0.0287,111.2503,0.0000,0.6061,3.0417
27/12/2018,12.8076,7.8695,13.5418,0.3716,0.0286,111.2236,0.0000,0.6061,3.0418
28/12/2018,12.7725,7.8892,13.5166,0.3715,0.0286,110.8506,0.0000,0.6057,3.0347
31/12/2018,12.7125,7.8854,13.5467,0.3705,0.0284,110.4035,0.0000,0.6020,3.0343
2/1/2019,12.7562,7.9305,13.5344,0.3707,0.0287,110.1693,0.0000,0.6006,3.0298
3/1/2019,12.8390,7.8900,13.4329,0.3683,0.0287,110.5366,0.0000,0.6041,3.0330
4/1/2019,12.8589,7.8669,13.3881,0.3670,0.0287,110.3084,0.0000,0.6020,3.0342
7/1/2019,12.8871,7.8611,13.3701,0.3680,0.0289,109.8257,0.0000,0.5995,3.0312
8/1/2019,12.8357,7.8360,13.3355,0.3674,0.0292,109.5533,0.0000,0.5998,3.0292
9/1/2019,12.8140,7.8324,13.3243,0.3659,0.0291,109.6066,0.0000,0.5999,3.0291
10/1/2019,12.8067,7.8597,13.3229,0.3668,0.0290,109.3400,0.0000,0.6014,3.0311
11/1/2019,12.8249,7.8358,13.2924,0.3660,0.0291,109.1447,0.0000,0.6031,3.0293
14/1/2019,12.8289,7.8433,13.2903,0.3658,0.0291,109.1447,0.0000,0.6052,3.0268
15/1/2019,12.8289,7.8463,13.2713,0.3653,0.0290,109.1534,0.0000,0.6049,3.0277
16/1/2019,12.8636,7.8773,13.3100,0.3655,0.0291,109.5029,0.0000,0.6075,3.0306
17/1/2019,12.9465,7.8670,13.3089,0.3664,0.0291,109.4316,0.0000,0.6072,3.0304
18/1/2019,12.9549,7.8307,13.3169,0.3663,0.0290,109.5145,0.0000,0.6060,3.0308
22/1/2019,12.9589,7.8026,13.3245,0.3645,0.0290,109.8049,0.0000,0.6055,3.0305
23/1/2019,12.9997,7.7983,13.3566,0.3652,0.0290,110.1040,0.0000,0.6066,3.0359
24/1/2019,13.0110,7.8239,13.3724,0.3668,0.0291,110.1394,0.0000,0.6080,3.0426
25/1/2019,13.0520,7.8559,13.4132,0.3677,0.0292,110.4802,0.0000,0.6100,3.0462
28/1/2019,12.9577,7.8146,13.3578,0.3671,0.0291,109.4346,0.0000,0.6082,3.0333
29/1/2019,13.0292,7.8294,13.3450,0.3672,0.0292,109.6270,0.0000,0.6095,3.0363
30/1/2019,13.0330,7.8277,13.3290,0.3672,0.0291,109.5204,0.0000,0.6099,3.0389
31/1/2019,13.0274,7.8299,13.2947,0.3671,0.0289,108.9959,0.0000,0.6082,3.0344
4/2/2019,13.0968,7.8281,13.3143,0.3662,0.0294,109.2480,0.0000,0.6074,3.0322
7/2/2019,13.1104,7.8292,13.2942,0.3649,0.0294,109.2300,0.0000,0.6072,3.0209
8/2/2019,13.0294,7.7833,13.2077,0.3619,0.0291,108.5902,0.0000,0.6037,3.0006
11/2/2019,12.9477,7.7791,13.1710,0.3618,0.0291,108.3178,0.0000,0.6022,2.9954
12/2/2019,12.9653,7.7841,13.1877,0.3618,0.0290,108.6464,0.0000,0.5998,2.9939
13/2/2019,12.9955,7.8038,13.1792,0.3620,0.0289,108.3682,0.0000,0.6000,2.9956
14/2/2019,12.9644,7.7859,13.1681,0.3613,0.0289,108.3769,0.0000,0.6012,2.9907
15/2/2019,12.9971,7.7829,13.1912,0.3613,0.0289,108.5635,0.0000,0.6012,2.9974
18/2/2019,13.0346,7.7591,13.2036,0.3621,0.0288,108.5635,0.0000,0.6008,3.0027
19/2/2019,13.0678,7.8003,13.2398,0.3623,0.0290,108.9101,0.0000,0.6036,3.0090
20/2/2019,13.0198,7.8089,13.2186,0.3622,0.0289,108.5102,0.0000,0.6020,3.0077
21/2/2019,13.0749,7.8173,13.1946,0.3615,0.0289,108.3769,0.0000,0.6045,3.0075
22/2/2019,13.0548,7.8074,13.2177,0.3623,0.0290,108.6968,0.0000,0.6067,3.0104
25/2/2019,12.9611,7.8145,13.2089,0.3625,0.0289,108.2969,0.0000,0.6047,3.0093
26/2/2019,13.0051,7.8276,13.2125,0.3637,0.0290,108.4569,0.0000,0.6077,3.0142
27/2/2019,12.9821,7.8132,13.2125,0.3637,0.0291,108.4035,0.0000,0.6066,3.0168
28/2/2019,12.9432,7.8496,13.2130,0.3635,0.0290,108.5102,0.0000,0.6082,3.0179
1/3/2019,12.8911,7.8364,13.2025,0.3613,0.0289,108.5368,0.0000,0.6079,3.0104
4/3/2019,12.8229,7.8587,13.1856,0.3618,0.0288,108.5102,0.0000,0.6067,3.0055
5/3/2019,12.7783,7.8592,13.2142,0.3617,0.0288,108.6435,0.0000,0.6073,3.0072
6/3/2019,12.8486,7.8035,13.2275,0.3624,0.0289,108.8301,0.0000,0.6084,3.0092
7/3/2019,12.8271,7.8239,13.2465,0.3620,0.0289,108.9901,0.0000,0.6089,3.0123
8/3/2019,12.8733,7.8343,13.2361,0.3613,0.0290,109.1796,0.0000,0.6097,3.0073
11/3/2019,12.8693,7.8096,13.2122,0.3596,0.0285,108.9397,0.0000,0.6078,3.0051
12/3/2019,12.8504,7.8206,13.2017,0.3613,0.0285,108.7884,0.0000,0.6061,3.0066
13/3/2019,12.8910,7.7141,13.1996,0.3608,0.0286,108.7797,0.0000,0.6080,3.0077
14/3/2019,12.9190,7.7544,13.2124,0.3610,0.0286,108.9217,0.0000,0.6090,3.0185
15/3/2019,12.8697,7.7668,13.2238,0.3604,0.0287,109.0434,0.0000,0.6082,3.0167
18/3/2019,12.9040,7.7674,13.2302,0.3600,0.0287,108.9901,0.0000,0.6088,3.0205
19/3/2019,12.8653,7.7348,13.2383,0.3602,0.0286,108.6968,0.0000,0.6072,3.0171
20/3/2019,12.8589,7.7090,13.2258,0.3603,0.0286,108.6551,0.0000,0.6070,3.0120
21/3/2019,12.8129,7.6839,13.1636,0.3604,0.0286,108.0951,0.0000,0.6053,3.0110
22/3/2019,12.8116,7.7142,13.1771,0.3595,0.0287,108.2436,0.0000,0.6057,3.0085
25/3/2019,12.8355,7.7237,13.1558,0.3578,0.0287,108.3798,0.0000,0.6049,3.0038
26/3/2019,12.8852,7.7454,13.1721,0.3590,0.0287,108.3531,0.0000,0.6056,3.0113
27/3/2019,12.8711,7.7442,13.2061,0.3591,0.0287,108.6435,0.0000,0.6067,3.0129
28/3/2019,12.7703,7.7266,13.1945,0.3580,0.0287,108.6435,0.0000,0.6057,3.0047
29/3/2019,12.8288,7.7260,13.2036,0.3590,0.0286,108.7084,0.0000,0.6049,3.0077
1/4/2019,12.8589,7.7560,13.2052,0.3596,0.0286,108.6435,0.0000,0.6070,3.0096
2/4/2019,12.8689,7.7708,13.2425,0.3596,0.0287,108.8417,0.0000,0.6081,3.0110
3/4/2019,12.8383,7.7774,13.2360,0.3596,0.0287,108.7710,0.0000,0.6068,3.0124
4/4/2019,12.8490,7.8163,13.2289,0.3595,0.0287,108.7084,0.0000,0.6073,3.0131
5/4/2019,12.8322,7.8056,13.2360,0.3588,0.0288,108.7710,0.0000,0.6073,3.0120
8/4/2019,12.8294,7.8503,13.2650,0.3593,0.0289,109.0376,0.0000,0.6086,3.0176
9/4/2019,12.8571,7.8493,13.2700,0.3581,0.0289,109.1709,0.0000,0.6096,3.0230
10/4/2019,12.8733,7.8584,13.2743,0.3585,0.0290,109.1709,0.0000,0.6100,3.0237
11/4/2019,12.9327,7.9175,13.3173,0.3610,0.0290,109.5883,0.0000,0.6119,3.0390
12/4/2019,12.9262,7.9158,13.3392,0.3607,0.0291,109.7750,0.0000,0.6126,3.0352
15/4/2019,12.9232,7.9316,13.3102,0.3618,0.0291,109.4996,0.0000,0.6125,3.0350
16/4/2019,12.9358,7.9516,13.3128,0.3619,0.0292,109.6179,0.0000,0.6127,3.0384
17/4/2019,12.9877,7.9838,13.3860,0.3635,0.0293,110.2312,0.0000,0.6158,3.0509
18/4/2019,13.0230,8.0077,13.4307,0.3648,0.0294,110.3823,0.0000,0.6189,3.0599
19/4/2019,13.0044,8.0039,13.4168,0.3638,0.0295,110.3320,0.0000,0.6167,3.0521
22/4/2019,12.9733,7.9845,13.4030,0.3628,0.0294,110.1720,0.0000,0.6162,3.0485
23/4/2019,12.9458,7.9351,13.3871,0.3618,0.0293,110.1512,0.0000,0.6154,3.0456
24/4/2019,12.9009,7.9213,13.3655,0.3608,0.0293,110.0445,0.0000,0.6135,3.0410
25/4/2019,12.8937,7.9033,13.3672,0.3570,0.0293,110.2578,0.0000,0.6150,3.0349
26/4/2019,12.8794,7.9191,13.3555,0.3561,0.0291,110.1957,0.0000,0.6128,3.0318
29/4/2019,12.9134,7.9275,13.3633,0.3562,0.0291,110.1424,0.0000,0.6137,3.0330
30/4/2019,12.9336,7.9275,13.3637,0.3564,0.0291,110.1365,0.0000,0.6135,3.0357
2/5/2019,12.9340,7.9842,13.3719,0.3556,0.0290,110.2431,0.0000,0.6137,3.0382
3/5/2019,12.9294,7.9753,13.3920,0.3543,0.0290,110.3765,0.0000,0.6147,3.0383
6/5/2019,12.9432,7.9719,13.3930,0.3533,0.0291,110.5601,0.0000,0.6157,3.0368
7/5/2019,12.9401,7.9715,13.3997,0.3535,0.0290,110.5482,0.0000,0.6125,3.0405
8/5/2019,12.9950,7.9677,13.4075,0.3540,0.0290,110.5897,0.0000,0.6120,3.0442
9/5/2019,13.0503,7.9517,13.3944,0.3534,0.0290,110.6460,0.0000,0.6117,3.0450
10/5/2019,13.0895,7.9449,13.4096,0.3521,0.0289,110.6964,0.0000,0.6080,3.0438
13/5/2019,13.1588,7.9547,13.4238,0.3524,0.0290,110.8963,0.0000,0.6093,3.0490
14/5/2019,13.1700,7.9300,13.4017,0.3514,0.0289,111.0963,0.0000,0.6056,3.0436
15/5/2019,13.2345,7.9556,13.3899,0.3506,0.0289,111.2163,0.0000,0.6065,3.0453
16/5/2019,13.2297,7.9615,13.3924,0.3506,0.0288,111.1822,0.0000,0.6063,3.0467
17/5/2019,13.1629,7.9293,13.3521,0.3501,0.0288,111.1822,0.0000,0.6057,3.0371
21/5/2019,13.1301,7.9353,13.3142,0.3500,0.0289,111.3985,0.0000,0.6043,3.0366
23/5/2019,13.1101,7.9870,13.3037,0.3514,0.0288,111.7125,0.0000,0.6066,3.0360
24/5/2019,13.1481,7.9806,13.2866,0.3522,0.0290,111.6888,0.0000,0.6060,3.0364
27/5/2019,13.1397,8.0249,13.2844,0.3531,0.0291,111.5881,0.0000,0.6065,3.0456
28/5/2019,13.1511,8.0176,13.2944,0.3531,0.0291,111.6148,0.0000,0.6068,3.0435
29/5/2019,13.1678,8.0084,13.2750,0.3516,0.0291,111.7155,0.0000,0.6061,3.0365
30/5/2019,13.1731,8.0050,13.2652,0.3518,0.0291,111.7895,0.0000,0.6063,3.0369
31/5/2019,13.1835,8.0395,13.2602,0.3516,0.0291,111.8607,0.0000,0.6077,3.0390
3/6/2019,13.2061,8.0203,13.2680,0.3526,0.0293,111.5762,0.0000,0.6059,3.0470
4/6/2019,13.1745,8.0614,13.2843,0.3534,0.0292,111.3274,0.0000,0.6047,3.0541
7/6/2019,13.2674,8.0413,13.2729,0.3527,0.0291,110.8741,0.0000,0.6016,3.0475
10/6/2019,13.2700,7.9798,13.2285,0.3511,0.0291,110.7511,0.0000,0.6008,3.0437
11/6/2019,13.2759,7.9900,13.2527,0.3516,0.0292,110.9778,0.0000,0.6004,3.0462
12/6/2019,13.2865,8.0031,13.2509,0.3524,0.0292,110.9038,0.0000,0.6018,3.0496
13/6/2019,13.3141,7.9992,13.2282,0.3511,0.0292,110.9571,0.0000,0.6015,3.0455
14/6/2019,13.3387,8.0181,13.2188,0.3516,0.0291,110.9985,0.0000,0.6014,3.0454
17/6/2019,13.3686,8.0234,13.2489,0.3517,0.0291,111.3126,0.0000,0.6028,3.0448
18/6/2019,13.3291,7.9939,13.2517,0.3522,0.0291,111.3303,0.0000,0.6029,3.0464
19/6/2019,13.3110,8.0420,13.3382,0.3543,0.0291,111.2503,0.0000,0.6042,3.0513
20/6/2019,13.3125,8.0106,13.3429,0.3547,0.0291,110.8371,0.0000,0.6019,3.0543
21/6/2019,13.3861,8.0618,13.4133,0.3565,0.0292,110.5808,0.0000,0.6051,3.0578
24/6/2019,13.4208,8.0509,13.3744,0.3574,0.0293,110.4741,0.0000,0.6029,3.0600
25/6/2019,13.4590,8.0592,13.3820,0.3586,0.0293,110.3823,0.0000,0.6016,3.0592
26/6/2019,13.4599,8.0603,13.3430,0.3579,0.0293,110.5808,0.0000,0.6027,3.0612
27/6/2019,13.4873,8.0599,13.3656,0.3586,0.0292,110.5541,0.0000,0.6024,3.0609
28/6/2019,13.4416,8.0796,13.3734,0.3577,0.0293,110.3941,0.0000,0.6019,3.0599
1/7/2019,13.4496,8.0472,13.3172,0.3577,0.0292,109.9941,0.0000,0.6006,3.0486
2/7/2019,13.4634,8.0889,13.3381,0.3561,0.0293,110.3941,0.0000,0.6040,3.0517
3/7/2019,13.5252,8.0765,13.3144,0.3535,0.0293,110.2875,0.0000,0.6017,3.0508
4/7/2019,13.4910,8.0730,13.2967,0.3537,0.0293,110.2578,0.0000,0.6009,3.0499
5/7/2019,13.4724,8.0814,13.2853,0.3529,0.0292,110.1779,0.0000,0.6012,3.0461
8/7/2019,13.4568,8.0646,13.2727,0.3519,0.0294,110.4445,0.0000,0.6008,3.0431
9/7/2019,13.4285,8.0639,13.2697,0.3510,0.0293,110.3853,0.0000,0.6015,3.0434
10/7/2019,13.4241,8.0466,13.2786,0.3501,0.0293,110.3853,0.0000,0.6006,3.0392
11/7/2019,13.4594,8.0327,13.2789,0.3506,0.0292,110.0653,0.0000,0.6004,3.0404
12/7/2019,13.3691,8.0168,13.2387,0.3494,0.0292,109.6121,0.0000,0.5982,3.0268
15/7/2019,13.2913,8.0293,13.2245,0.3485,0.0293,109.5054,0.0000,0.5968,3.0245
16/7/2019,13.2902,8.0486,13.2218,0.3479,0.0295,109.5291,0.0000,0.5972,3.0279
17/7/2019,13.3161,8.0802,13.2380,0.3482,0.0295,109.6183,0.0000,0.5979,3.0255
18/7/2019,13.3053,8.0494,13.2440,0.3476,0.0294,109.5737,0.0000,0.5979,3.0201
19/7/2019,13.3496,8.0584,13.2857,0.3499,0.0294,109.5470,0.0000,0.5971,3.0276
22/7/2019,13.3247,8.0533,13.2432,0.3491,0.0295,109.6270,0.0000,0.5974,3.0202
23/7/2019,13.3204,8.0407,13.2304,0.3491,0.0295,109.6270,0.0000,0.5975,3.0193
24/7/2019,13.3182,8.0367,13.2527,0.3493,0.0294,109.7987,0.0000,0.5986,3.0151
25/7/2019,13.3134,8.0495,13.2342,0.3488,0.0294,109.7470,0.0000,0.5989,3.0158
26/7/2019,13.3269,8.0430,13.2727,0.3478,0.0295,109.7987,0.0000,0.5991,3.0105
29/7/2019,13.3269,8.0619,13.2463,0.3479,0.0294,109.7870,0.0000,0.5986,3.0069
31/7/2019,13.3885,8.1041,13.2795,0.3490,0.0294,109.9736,0.0000,0.5991,3.0088
1/8/2019,13.3980,8.1191,13.2786,0.3479,0.0296,110.4890,0.0000,0.6019,3.0099
2/8/2019,13.4304,8.0912,13.2448,0.3480,0.0294,110.6401,0.0000,0.6014,3.0162
5/8/2019,13.5111,8.0449,13.2012,0.3450,0.0293,110.7764,0.0000,0.5986,3.0199
6/8/2019,13.5721,8.0303,13.1920,0.3435,0.0294,111.6117,0.0000,0.5934,3.0216
7/8/2019,13.6251,8.0442,13.3145,0.3446,0.0293,111.6176,0.0000,0.5956,3.0321
8/8/2019,13.5986,8.0088,13.2984,0.3448,0.0294,111.5938,0.0000,0.5930,3.0264
9/8/2019,13.6077,8.0551,13.3745,0.3458,0.0294,111.4872,0.0000,0.5936,3.0261
13/8/2019,13.6381,8.0349,13.3221,0.3439,0.0294,111.7004,0.0000,0.5938,3.0214
14/8/2019,13.5744,8.0311,13.4523,0.3456,0.0292,111.5643,0.0000,0.5938,3.0221
15/8/2019,13.5851,8.0042,13.3467,0.3443,0.0294,111.7004,0.0000,0.5965,3.0166
16/8/2019,13.5687,7.9382,13.3674,0.3450,0.0294,111.7035,0.0000,0.5956,3.0168
19/8/2019,13.5245,7.9706,13.3195,0.3451,0.0293,111.3037,0.0000,0.5927,3.0118
20/8/2019,13.5571,7.9729,13.3429,0.3448,0.0294,111.4755,0.0000,0.5929,3.0144
21/8/2019,13.5529,7.9866,13.2983,0.3452,0.0293,111.3688,0.0000,0.5915,3.0146
22/8/2019,13.5552,7.9981,13.3089,0.3466,0.0293,111.3185,0.0000,0.5910,3.0160
23/8/2019,13.5965,7.9927,13.3391,0.3455,0.0294,111.5881,0.0000,0.5907,3.0197
26/8/2019,13.6926,8.0172,13.3374,0.3449,0.0296,112.1124,0.0000,0.5923,3.0252
27/8/2019,13.7365,8.0130,13.3741,0.3459,0.0295,112.0414,0.0000,0.5875,3.0261
28/8/2019,13.7068,8.0384,13.4034,0.3463,0.0295,112.0547,0.0000,0.5866,3.0245
29/8/2019,13.7512,8.0366,13.4012,0.3470,0.0295,112.3080,0.0000,0.5876,3.0339
30/8/2019,13.7663,8.0820,13.5032,0.3487,0.0296,112.4680,0.0000,0.5903,3.0369
3/9/2019,13.7684,8.0710,13.4267,0.3474,0.0297,112.5153,0.0000,0.5884,3.0303
4/9/2019,13.7557,8.0597,13.4012,0.3480,0.0296,112.2990,0.0000,0.5867,3.0293
5/9/2019,13.7148,8.0747,13.4393,0.3484,0.0296,111.8161,0.0000,0.5865,3.0286
6/9/2019,13.6408,8.0481,13.3749,0.3496,0.0296,111.5494,0.0000,0.5853,3.0230
10/9/2019,13.5963,8.0316,13.3585,0.3498,0.0297,111.1763,0.0000,0.5854,3.0189
11/9/2019,13.6186,8.0100,13.3483,0.3498,0.0297,111.1496,0.0000,0.5862,3.0215
12/9/2019,13.6396,8.0042,13.4185,0.3511,0.0297,111.2000,0.0000,0.5860,3.0271
13/9/2019,13.6716,8.0150,13.4668,0.3519,0.0297,110.9630,0.0000,0.5880,3.0272
17/9/2019,13.6530,7.9736,13.4774,0.3514,0.0297,111.1881,0.0000,0.5900,3.0315
18/9/2019,13.6796,7.9996,13.4817,0.3513,0.0296,111.2977,0.0000,0.5886,3.0372
19/9/2019,13.7034,8.0262,13.5195,0.3509,0.0298,111.7020,0.0000,0.5913,3.0423
20/9/2019,13.6902,7.9912,13.4880,0.3504,0.0297,111.4606,0.0000,0.5891,3.0323
23/9/2019,13.6865,8.0173,13.4617,0.3500,0.0297,111.2444,0.0000,0.5884,3.0305
24/9/2019,13.7041,8.0096,13.4720,0.3499,0.0296,111.3421,0.0000,0.5866,3.0316
25/9/2019,13.6789,8.0042,13.4996,0.3490,0.0296,111.5140,0.0000,0.5876,3.0391
26/9/2019,13.6937,8.0295,13.5005,0.3494,0.0296,111.7805,0.0000,0.5879,3.0395
27/9/2019,13.6672,8.0295,13.4868,0.3486,0.0295,111.6709,0.0000,0.5871,3.0305
 
3/9/2018,0.0177,0.1009,2.7166,0.2723,5.7992,112.1002,3.3228,3.6250,0.2295
4/9/2018,0.0177,0.1011,2.7241,0.2679,5.8031,112.5085,3.3352,3.6270,0.2301
5/9/2018,0.0178,0.1014,2.7067,0.2695,5.7829,112.6991,3.3309,3.6145,0.2305
6/9/2018,0.0178,0.1015,2.7360,0.2690,5.7734,112.7807,3.3406,3.6083,0.2307
7/9/2018,0.0178,0.1018,2.7234,0.2681,5.7560,112.7535,3.3406,3.5958,0.2309
12/9/2018,0.0178,0.1018,2.7017,0.2669,5.7123,112.9682,3.3669,3.5677,0.2320
13/9/2018,0.0178,0.1003,2.7144,0.2670,5.7351,112.6718,3.3269,3.5832,0.2305
14/9/2018,0.0178,0.1007,2.7211,0.2661,5.7432,112.6446,3.3363,3.5824,0.2304
18/9/2018,0.0178,0.1013,2.7226,0.2648,5.7119,112.8079,3.3232,3.5715,0.2307
19/9/2018,0.0178,0.1012,2.7254,0.2672,5.6958,112.7535,3.3256,3.5468,0.2306
20/9/2018,0.0178,0.1011,2.7468,0.2636,5.7178,112.6446,3.3224,3.5731,0.2305
21/9/2018,0.0177,0.1014,2.7613,0.2581,5.7345,112.4268,3.3143,3.5662,0.2300
24/9/2018,0.0177,0.1009,2.7606,0.2543,5.7190,112.4813,3.3309,3.5766,0.2301
25/9/2018,0.0177,0.1008,2.7427,0.2581,5.6824,112.4268,3.3293,3.5536,0.2300
26/9/2018,0.0177,0.1014,2.7477,0.2597,5.6885,112.5630,3.3323,3.5548,0.2302
27/9/2018,0.0177,0.1014,2.7551,0.2598,5.6989,112.6446,3.3221,3.5617,0.2304
28/9/2018,0.0177,0.1008,2.7410,0.2617,5.7082,112.7807,3.3403,3.5666,0.2307
1/10/2018,0.0177,0.1017,2.7374,0.2668,5.7019,112.5630,3.3224,3.5653,0.2302
2/10/2018,0.0177,0.1013,2.7353,0.2661,5.6767,112.6991,3.3331,3.5485,0.2305
3/10/2018,0.0177,0.1018,2.7195,0.2704,5.6739,112.6446,3.3261,3.5468,0.2304
4/10/2018,0.0178,0.1009,2.6926,0.2727,5.6510,112.8352,3.3277,3.5319,0.2308
5/10/2018,0.0177,0.1005,2.6851,0.2735,5.6260,112.7807,3.3261,3.5188,0.2309
8/10/2018,0.0178,0.1020,2.6644,0.2719,5.6211,112.8896,3.3309,3.5132,0.2312
9/10/2018,0.0178,0.1022,2.6791,0.2689,5.6096,113.1074,3.3513,3.5060,0.2313
10/10/2018,0.0178,0.1027,2.6944,0.2661,5.5831,112.9985,3.0934,3.4871,0.2311
11/10/2018,0.0178,0.1012,2.6866,0.2602,5.5952,113.1074,3.0994,3.4992,0.2313
12/10/2018,0.0178,0.1020,2.7096,0.2579,5.6063,113.0257,3.1471,3.5005,0.2314
15/10/2018,0.0178,0.1018,2.7031,0.2614,5.6452,113.1346,3.1059,3.5307,0.2314
16/10/2018,0.0178,0.1015,2.7290,0.2615,5.6248,112.9713,3.1042,3.5128,0.2311
17/10/2018,0.0178,0.1019,2.7338,0.2598,5.6472,112.9441,3.1372,3.5296,0.2310
18/10/2018,0.0178,0.1018,2.7163,0.2629,5.6433,113.0802,3.1000,3.5272,0.2313
19/10/2018,0.0178,0.1009,2.7195,0.2631,5.6527,113.1588,3.0948,3.5298,0.2315
22/10/2018,0.0178,0.1013,2.7372,0.2617,5.6664,113.1891,3.1179,3.5439,0.2315
23/10/2018,0.0178,0.1016,2.7228,0.2633,5.6542,113.2299,3.0969,3.5340,0.2316
24/10/2018,0.0178,0.1019,2.7252,0.2633,5.6552,113.2435,3.0929,3.5338,0.2316
25/10/2018,0.0178,0.1024,2.7162,0.2637,5.6881,113.4068,3.0985,3.5589,0.2320
26/10/2018,0.0179,0.1023,2.7174,0.2640,5.6950,113.5429,3.0896,3.5571,0.2322
29/10/2018,0.0179,0.1034,2.7214,0.2642,5.6816,113.6246,3.0919,3.5511,0.2324
30/10/2018,0.0179,0.1020,2.7276,0.2644,5.6903,113.7063,3.0941,3.5543,0.2326
31/10/2018,0.0179,0.1021,2.7405,0.2609,5.6751,113.8424,3.0978,3.5471,0.2329
1/11/2018,0.0179,0.1025,2.7348,0.2614,5.6550,113.8696,3.0985,3.5347,0.2329
2/11/2018,0.0179,0.1019,2.7786,0.2599,5.6793,113.5702,3.0904,3.5494,0.2323
5/11/2018,0.0178,0.1022,2.7683,0.2601,5.7437,113.2707,3.0822,3.5899,0.2314
7/11/2018,0.0179,0.1022,2.8129,0.2628,5.7100,113.4068,3.0859,3.5665,0.2320
8/11/2018,0.0179,0.1023,2.8253,0.2630,5.7535,113.4885,3.0881,3.5690,0.2321
9/11/2018,0.0179,0.1027,2.8179,0.2625,5.7653,113.6110,3.0915,3.5729,0.2324
12/11/2018,0.0179,0.1030,2.8165,0.2659,5.7667,113.7879,3.0963,3.6034,0.2328
13/11/2018,0.0180,0.1028,2.8167,0.2621,5.7558,114.1690,3.1067,3.5957,0.2335
14/11/2018,0.0180,0.1029,2.8316,0.2609,5.7629,113.9241,3.1000,3.5991,0.2330
15/11/2018,0.0180,0.1031,2.8517,0.2614,5.7982,114.1543,3.1059,3.6240,0.2335
16/11/2018,0.0180,0.1027,2.8584,0.2607,5.8190,113.9241,3.1000,3.6334,0.2330
19/11/2018,0.0180,0.1028,2.8734,0.2619,5.8137,113.9241,3.1000,3.6363,0.2330
21/11/2018,0.0180,0.1032,2.8463,0.2638,5.8721,114.1963,3.1074,3.6689,0.2336
22/11/2018,0.0179,0.1031,2.8601,0.2635,5.8758,114.0726,3.1037,3.6645,0.2333
23/11/2018,0.0180,0.1032,2.8572,0.2638,5.9339,114.1963,3.1074,3.7094,0.2338
26/11/2018,0.0179,0.1033,2.8381,0.2623,5.9355,114.1690,3.1067,3.7086,0.2344
27/11/2018,0.0180,0.1032,2.8354,0.2647,5.9156,114.0602,3.1037,3.6946,0.2333
28/11/2018,0.0179,0.1032,2.8449,0.2635,5.9196,114.0738,3.1041,3.7005,0.2333
29/11/2018,0.0180,0.1034,2.8684,0.2632,5.9356,114.1554,3.1063,3.7107,0.2335
30/11/2018,0.0179,0.1031,2.8689,0.2632,5.9923,113.8424,3.0978,3.7419,0.2329
3/12/2018,0.0179,0.1030,2.8773,0.2648,5.9948,113.6791,2.9617,3.7500,0.2325
4/12/2018,0.0179,0.1032,2.8841,0.2670,5.9092,113.3252,2.9525,3.6926,0.2318
5/12/2018,0.0178,0.1034,2.8829,0.2742,5.8889,113.0802,2.9461,3.6826,0.2313
6/12/2018,0.0178,0.1025,2.8599,0.2701,5.8878,113.1197,2.9468,3.6851,0.2313
7/12/2018,0.0178,0.1026,2.8628,0.2674,5.8721,113.2707,2.9511,3.6674,0.2317
10/12/2018,0.0179,0.1027,2.8576,0.2673,5.8770,113.3796,2.9539,3.6761,0.2319
11/12/2018,0.0179,0.1028,2.8691,0.2676,5.7578,113.6518,2.9610,3.6571,0.2325
12/12/2018,0.0179,0.1031,2.8789,0.2663,5.7813,113.7607,2.9638,3.6345,0.2327
13/12/2018,0.0179,0.1031,2.8637,0.2637,5.8177,113.7879,2.9645,3.6275,0.2327
14/12/2018,0.0179,0.1030,2.8587,0.2656,5.8405,113.7879,2.9645,3.6443,0.2327
17/12/2018,0.0180,0.1034,2.8405,0.2682,5.8168,113.8968,2.9674,3.6367,0.2330
18/12/2018,0.0179,0.1028,2.8508,0.2642,5.8322,113.7063,2.9624,3.6484,0.2326
19/12/2018,0.0179,0.1033,2.8625,0.2650,5.9379,113.7063,2.9624,3.7056,0.2326
20/12/2018,0.0179,0.1032,2.8313,0.2665,5.9092,113.7607,2.9638,3.7094,0.2327
21/12/2018,0.0179,0.1036,2.8293,0.2656,5.9690,113.7335,2.9631,3.7457,0.2326
24/12/2018,0.0180,0.1032,2.8102,0.2667,5.9587,113.7879,2.9645,3.7238,0.2327
26/12/2018,0.0179,0.1027,2.8098,0.2669,5.9583,113.6518,2.9610,3.7200,0.2325
27/12/2018,0.0179,0.1031,2.8091,0.2679,5.9561,113.6246,2.9603,3.7225,0.2324
28/12/2018,0.0179,0.1027,2.7909,0.2684,5.9110,113.2435,2.9504,3.6952,0.2319
31/12/2018,0.0179,0.1024,2.7812,0.2690,5.9229,112.7807,2.9383,3.7018,0.2307
2/1/2019,0.0178,0.1034,2.7737,0.2684,5.9504,112.5085,2.9312,3.7191,0.2301
3/1/2019,0.0179,0.1028,2.7441,0.2693,5.9226,112.8896,2.9411,3.6931,0.2309
4/1/2019,0.0178,0.1027,2.7642,0.2683,5.9024,112.6446,2.9348,3.6841,0.2304
7/1/2019,0.0178,0.1020,2.7728,0.2672,5.9229,112.1546,2.9220,3.6927,0.2294
8/1/2019,0.0177,0.1018,2.7718,0.2676,5.8861,111.8824,2.9149,3.6861,0.2288
9/1/2019,0.0177,0.1021,2.7719,0.2682,5.8655,111.9368,2.9163,3.6603,0.2290
10/1/2019,0.0177,0.1018,2.7844,0.2674,5.8135,111.6646,2.9092,3.6381,0.2284
11/1/2019,0.0177,0.1014,2.7780,0.2683,5.8150,111.4741,2.9043,3.6342,0.2280
14/1/2019,0.0177,0.1015,2.7948,0.2687,5.8139,111.4741,2.9043,3.6306,0.2280
15/1/2019,0.0177,0.1015,2.7977,0.2699,5.7884,111.4741,2.9043,3.6079,0.2280
16/1/2019,0.0177,0.1017,2.8021,0.2710,5.7762,111.8280,2.9135,3.6140,0.2287
17/1/2019,0.0177,0.1019,2.7803,0.2699,5.7825,111.7463,2.9113,3.6009,0.2286
18/1/2019,0.0177,0.1018,2.7762,0.2673,5.7843,111.8280,2.9135,3.6133,0.2290
22/1/2019,0.0178,0.1028,2.7700,0.2682,5.7859,112.1274,2.9213,3.6113,0.2293
23/1/2019,0.0178,0.1023,2.7944,0.2685,5.7997,112.4268,2.9291,3.6130,0.2300
24/1/2019,0.0178,0.1029,2.8070,0.2709,5.8030,112.4541,2.9298,3.6189,0.2303
25/1/2019,0.0179,0.1030,2.8005,0.2708,5.8358,112.8079,2.9390,3.6437,0.2310
28/1/2019,0.0177,0.1018,2.8074,0.2708,5.7890,111.7463,2.9113,3.6040,0.2314
29/1/2019,0.0177,0.1019,2.8060,0.2698,5.7814,111.9368,2.9163,3.6140,0.2322
30/1/2019,0.0177,0.1016,2.8049,0.2739,5.7489,111.8280,2.9135,3.6102,0.2325
31/1/2019,0.0176,0.1014,2.8203,0.2695,5.7375,111.2835,2.8993,3.5923,0.2307
4/2/2019,0.0177,0.1016,2.8243,0.2723,5.7355,111.5557,2.9064,3.5947,0.2313
7/2/2019,0.0176,0.1016,2.7724,0.2701,5.7190,111.5285,2.9057,3.5782,0.2321
8/2/2019,0.0175,0.1009,2.7428,0.2669,5.7117,110.8752,2.8887,3.5622,0.2308
11/2/2019,0.0175,0.1007,2.7474,0.2645,5.7073,110.6030,2.8816,3.5609,0.2299
12/2/2019,0.0176,0.1015,2.7392,0.2651,5.7273,110.9296,2.8901,3.5783,0.2309
13/2/2019,0.0175,0.1010,2.7345,0.2645,5.7590,110.6574,2.8830,3.5929,0.2303
14/2/2019,0.0175,0.1013,2.7679,0.2645,5.7350,110.6574,2.8830,3.5881,0.2307
15/2/2019,0.0175,0.1013,2.7759,0.2661,5.7298,110.8480,2.8879,3.5760,0.2315
18/2/2019,0.0176,0.1013,2.8011,0.2665,5.7079,110.8480,2.8879,3.5729,0.2312
19/2/2019,0.0176,0.1023,2.7954,0.2680,5.7210,111.2019,2.8972,3.5783,0.2322
20/2/2019,0.0175,0.1011,2.7969,0.2664,5.7059,110.7935,2.8865,3.5652,0.2314
21/2/2019,0.0175,0.1007,2.7902,0.2655,5.7177,110.6574,2.8830,3.5724,0.2308
22/2/2019,0.0176,0.1012,2.7764,0.2666,5.7253,110.9841,2.8915,3.5757,0.2318
25/2/2019,0.0175,0.1010,2.7934,0.2664,5.7171,110.5757,2.8809,3.5682,0.2318
26/2/2019,0.0175,0.1018,2.7976,0.2671,5.7430,110.7391,2.8851,3.5816,0.2313
27/2/2019,0.0175,0.1010,2.8035,0.2678,5.7227,110.6846,2.8837,3.5754,0.2319
28/2/2019,0.0175,0.1010,2.7823,0.2681,5.7140,110.7935,2.8865,3.5711,0.2315
1/3/2019,0.0175,0.1010,2.7719,0.2714,5.7459,110.8207,2.8872,3.5972,0.2318
4/3/2019,0.0175,0.1010,2.7709,0.2699,5.7316,110.7935,2.8865,3.5872,0.2316
5/3/2019,0.0176,0.1014,2.7763,0.2686,5.7459,110.9296,2.8901,3.5916,0.2319
6/3/2019,0.0176,0.1013,2.7688,0.2693,5.7906,111.1202,2.8950,3.6191,0.2334
7/3/2019,0.0176,0.1013,2.7708,0.2704,5.8325,111.2835,2.8993,3.6351,0.2333
8/3/2019,0.0177,0.1022,2.7666,0.2705,5.8385,111.4741,2.9043,3.6559,0.2345
11/3/2019,0.0176,0.1021,2.7752,0.2695,5.8348,111.2291,2.8979,3.6401,0.2336
12/3/2019,0.0176,0.1015,2.7862,0.2691,5.8444,111.0657,2.8936,3.6487,0.2334
13/3/2019,0.0176,0.1015,2.7960,0.2693,5.8621,111.0657,2.8936,3.6579,0.2339
14/3/2019,0.0176,0.1017,2.7978,0.2689,5.8718,111.2019,2.8972,3.6713,0.2338
15/3/2019,0.0176,0.1021,2.7967,0.2677,5.8959,111.3380,2.9007,3.6853,0.2344
18/3/2019,0.0176,0.1017,2.7974,0.2672,5.9278,111.2835,2.8993,3.6975,0.2355
19/3/2019,0.0176,0.1018,2.7891,0.2656,5.9406,110.9841,2.8915,3.7179,0.2351
20/3/2019,0.0176,0.1016,2.7840,0.2649,5.9045,110.9296,2.8901,3.6925,0.2350
21/3/2019,0.0175,0.1013,2.8082,0.2636,5.8924,110.3580,2.8752,3.6811,0.2343
22/3/2019,0.0175,0.1016,2.7933,0.2662,5.8994,110.5213,2.8794,3.6866,0.2348
25/3/2019,0.0175,0.1017,2.7943,0.2674,5.8760,110.6544,2.8830,3.6841,0.2343
26/3/2019,0.0175,0.1017,2.8098,0.2674,5.8950,110.6302,2.8823,3.6845,0.2342
27/3/2019,0.0176,0.1013,2.8162,0.2686,5.9052,110.9296,2.8901,3.6982,0.2349
28/3/2019,0.0176,0.1012,2.7665,0.2686,5.8964,110.9296,2.8901,3.6975,0.2346
29/3/2019,0.0176,0.1011,2.7654,0.2686,5.8939,110.9841,2.8915,3.6743,0.2346
1/4/2019,0.0176,0.1014,2.7792,0.2695,5.8896,110.9296,2.8901,3.6825,0.2345
2/4/2019,0.0176,0.1012,2.7705,0.2700,5.8971,111.1202,2.8950,3.6888,0.2353
3/4/2019,0.0176,0.1010,2.7589,0.2707,5.9190,111.0657,2.8926,3.7088,0.2350
4/4/2019,0.0176,0.1011,2.7699,0.2709,5.9553,110.9841,2.8711,3.7236,0.2346
5/4/2019,0.0176,0.1009,2.7540,0.2711,5.9121,111.0657,2.8732,3.6866,0.2350
8/4/2019,0.0176,0.1012,2.7513,0.2721,5.9121,111.3349,2.8925,3.6923,0.2353
9/4/2019,0.0177,0.1011,2.7600,0.2721,5.8888,111.4741,2.8838,3.6730,0.2358
10/4/2019,0.0177,0.1013,2.7613,0.2724,5.9098,111.4741,2.8838,3.6932,0.2356
11/4/2019,0.0177,0.1018,2.7796,0.2724,5.9431,111.8824,2.8944,3.7164,0.2366
12/4/2019,0.0177,0.1018,2.7683,0.2723,5.9641,112.0730,2.8993,3.7329,0.2373
15/4/2019,0.0177,0.1015,2.7788,0.2713,5.9350,111.8007,2.8923,3.7114,0.2363
16/4/2019,0.0177,0.1012,2.7823,0.2715,5.9206,111.9096,2.8951,3.7006,0.2367
17/4/2019,0.0178,0.1014,2.7731,0.2730,5.9448,112.5357,2.9113,3.7116,0.2381
18/4/2019,0.0178,0.1014,2.7813,0.2734,5.9646,112.6991,2.9155,3.7170,0.2393
19/4/2019,0.0178,0.1019,2.7650,0.2726,5.9634,112.6446,2.9141,3.7286,0.2399
22/4/2019,0.0178,0.1012,2.7614,0.2742,5.9533,112.4813,2.9099,3.7232,0.2410
23/4/2019,0.0178,0.1015,2.7562,0.2709,5.9260,112.4541,2.9092,3.7053,0.2399
24/4/2019,0.0178,0.1014,2.7428,0.2694,5.9143,112.3452,2.9063,3.7043,0.2401
25/4/2019,0.0178,0.1021,2.7270,0.2706,5.9097,112.5630,2.9120,3.6982,0.2400
26/4/2019,0.0178,0.1015,2.7394,0.2717,5.8905,112.5085,2.9106,3.6764,0.2399
29/4/2019,0.0177,0.1015,2.7550,0.2718,5.9133,112.4541,2.9092,3.6874,0.2400
30/4/2019,0.0177,0.1016,2.7591,0.2716,5.9110,112.4541,2.9092,3.6874,0.2400
2/5/2019,0.0178,0.1019,2.7427,0.2722,5.9439,112.5630,2.9120,3.7149,0.2401
3/5/2019,0.0178,0.1022,2.7403,0.2732,5.9681,112.6991,2.9155,3.7301,0.2404
6/5/2019,0.0178,0.1026,2.7374,0.2732,6.0004,112.8896,2.9204,3.7441,0.2411
7/5/2019,0.0178,0.1023,2.7384,0.2724,5.9749,112.8624,2.9197,3.7331,0.2410
8/5/2019,0.0178,0.1023,2.7373,0.2729,5.9568,112.9168,2.9211,3.7336,0.2412
9/5/2019,0.0178,0.1024,2.7295,0.2725,5.9525,112.9713,2.9225,3.7203,0.2417
10/5/2019,0.0177,0.1028,2.7387,0.2723,5.9251,113.0257,2.9239,3.7098,0.2423
13/5/2019,0.0178,0.1020,2.7394,0.2719,5.9395,113.2299,2.9292,3.7182,0.2430
14/5/2019,0.0179,0.1019,2.7440,0.2715,5.9019,113.4341,2.9345,3.6922,0.2433
15/5/2019,0.0178,0.1025,2.7394,0.2709,5.9248,113.5566,2.9377,3.7011,0.2437
16/5/2019,0.0179,0.1019,2.7343,0.2711,5.9365,113.5157,2.9366,3.7050,0.2434
17/5/2019,0.0179,0.1025,2.7226,0.2715,5.9353,113.5157,2.8562,3.7212,0.2440
21/5/2019,0.0178,0.1026,2.7316,0.2725,5.9829,113.7335,2.8040,3.7441,0.2448
23/5/2019,0.0179,0.1028,2.7172,0.2728,6.0142,114.0602,2.7386,3.7589,0.2466
24/5/2019,0.0179,0.1025,2.7312,0.2725,6.0126,114.0329,2.7379,3.7392,0.2480
27/5/2019,0.0179,0.1036,2.7416,0.2728,6.0294,113.9241,2.7353,3.7615,0.2475
28/5/2019,0.0179,0.1035,2.7406,0.2761,6.0227,113.9513,2.7359,3.7641,0.2480
29/5/2019,0.0179,0.1033,2.7432,0.2735,6.0147,114.0602,2.7386,3.7572,0.2481
30/5/2019,0.0179,0.1033,2.7313,0.2737,6.0037,114.1418,2.7405,3.7525,0.2485
31/5/2019,0.0179,0.1034,2.7276,0.2765,6.0075,114.1963,2.8431,3.7519,0.2493
3/6/2019,0.0179,0.1023,2.7378,0.2744,6.0119,113.9241,2.8325,3.7534,0.2494
4/6/2019,0.0178,0.1031,2.7505,0.2752,6.0472,113.6518,2.8353,3.7674,0.2488
7/6/2019,0.0178,0.1024,2.7505,0.2741,6.0139,113.1891,2.8219,3.7514,0.2471
10/6/2019,0.0178,0.1010,2.7629,0.2731,5.9875,113.0666,2.7970,3.7362,0.2469
11/6/2019,0.0178,0.1024,2.7494,0.2729,5.9881,113.2979,2.7203,3.7341,0.2479
12/6/2019,0.0178,0.1013,2.7356,0.2742,5.9935,113.2435,2.7190,3.7437,0.2475
13/6/2019,0.0178,0.1022,2.7373,0.2724,5.9994,113.2979,2.7203,3.7509,0.2486
14/6/2019,0.0178,0.1023,2.7239,0.2730,5.9830,113.3252,2.7032,3.7427,0.2477
17/6/2019,0.0179,0.1023,2.7133,0.2756,5.9768,113.6518,2.6592,3.7377,0.2484
18/6/2019,0.0179,0.1023,2.7136,0.2733,5.9815,113.6791,2.6430,3.7332,0.2489
19/6/2019,0.0179,0.1023,2.7254,0.2731,5.9940,113.5943,2.6411,3.7413,0.2481
20/6/2019,0.0178,0.1026,2.7340,0.2724,5.9683,113.1754,2.6313,3.7287,0.2476
21/6/2019,0.0178,0.1018,2.7329,0.2728,5.9643,112.8896,2.6247,3.7320,0.2477
24/6/2019,0.0178,0.1025,2.7319,0.2731,5.9509,112.7807,2.6222,3.7224,0.2485
25/6/2019,0.0178,0.1012,2.7469,0.2727,5.9752,112.6991,2.6203,3.7304,0.2472
26/6/2019,0.0178,0.1010,2.7495,0.2744,5.9795,112.8896,2.6247,3.7374,0.2476
27/6/2019,0.0178,0.1021,2.7704,0.2737,5.9883,112.8624,2.5683,3.7466,0.2475
28/6/2019,0.0178,0.1018,2.7746,0.2733,5.9937,112.6991,2.5091,3.7463,0.2475
1/7/2019,0.0177,0.1013,2.7683,0.2726,5.9817,112.2907,2.5191,3.7351,0.2463
2/7/2019,0.0178,0.1011,2.7618,0.2738,6.0096,112.6991,2.6030,3.7524,0.2470
3/7/2019,0.0178,0.1007,2.7624,0.2735,6.0029,112.5902,2.6378,3.7498,0.2478
4/7/2019,0.0178,0.1016,2.7725,0.2740,6.0107,112.5630,2.6430,3.7499,0.2481
5/7/2019,0.0178,0.1016,2.7618,0.2747,6.0278,112.4813,2.5825,3.7697,0.2477
8/7/2019,0.0178,0.1015,2.7461,0.2759,6.0502,112.7535,2.5888,3.7830,0.2494
9/7/2019,0.0178,0.1017,2.7419,0.2751,6.0368,112.6991,2.5875,3.7681,0.2485
10/7/2019,0.0178,0.1009,2.7316,0.2747,6.0367,112.6991,2.5875,3.7746,0.2486
11/7/2019,0.0178,0.1017,2.7447,0.2734,6.0321,112.3724,2.5800,3.7623,0.2476
12/7/2019,0.0177,0.1007,2.7416,0.2722,6.0058,111.9096,2.5694,3.7537,0.2466
15/7/2019,0.0177,0.1010,2.7521,0.2723,5.9895,111.8007,2.5669,3.7370,0.2464
16/7/2019,0.0177,0.0998,2.7622,0.2724,5.9927,111.8280,2.5675,3.7458,0.2467
17/7/2019,0.0177,0.1004,2.7571,0.2727,5.9846,111.9368,2.5700,3.7399,0.2468
18/7/2019,0.0177,0.1010,2.7673,0.2720,5.9685,111.8824,2.5688,3.7326,0.2468
19/7/2019,0.0177,0.1013,2.7851,0.2736,5.9672,111.8552,2.5681,3.7239,0.2465
22/7/2019,0.0177,0.1007,2.7789,0.2738,5.9707,111.9490,2.5700,3.7348,0.2471
23/7/2019,0.0177,0.0999,2.7715,0.2736,5.9656,111.9429,2.5383,3.7287,0.2467
24/7/2019,0.0177,0.1009,2.7566,0.2731,5.9642,112.1124,2.5689,3.7328,0.2470
25/7/2019,0.0177,0.1003,2.7589,0.2726,5.9656,112.0593,2.5410,3.7294,0.2471
26/7/2019,0.0177,0.1006,2.7401,0.2729,5.9539,112.1002,2.5420,3.7274,0.2475
29/7/2019,0.0177,0.1010,2.7315,0.2731,5.9776,112.1002,2.5420,3.7351,0.2475
31/7/2019,0.0178,0.1014,2.7258,0.2737,5.9911,112.2907,2.5463,3.7435,0.2486
1/8/2019,0.0178,0.1010,2.7102,0.2752,6.0154,112.8079,2.5580,3.7645,0.2496
2/8/2019,0.0179,0.1021,2.7203,0.2748,6.0119,112.9713,2.5617,3.7557,0.2495
5/8/2019,0.0179,0.1010,2.7089,0.2750,5.9618,113.1346,2.5654,3.7324,0.2502
6/8/2019,0.0180,0.1017,2.7442,0.2788,5.9107,113.9785,2.5846,3.6988,0.2521
7/8/2019,0.0180,0.1025,2.7375,0.2776,5.8930,113.9785,2.5846,3.6952,0.2524
8/8/2019,0.0180,0.1027,2.6994,0.2778,5.8814,113.9785,2.5846,3.6913,0.2522
9/8/2019,0.0180,0.1013,2.7118,0.2776,5.9338,113.8696,2.5821,3.6978,0.2518
13/8/2019,0.0181,0.1028,2.7007,0.2779,5.8780,114.0874,2.5870,3.6990,0.2522
14/8/2019,0.0180,0.1023,2.7023,0.2775,5.8588,113.9241,2.5833,3.6627,0.2518
15/8/2019,0.0181,0.1029,2.6982,0.2774,5.8796,114.0874,2.5870,3.6747,0.2522
16/8/2019,0.0181,0.1029,2.6954,0.2766,5.8335,114.0664,2.6536,3.6738,0.2520
19/8/2019,0.0180,0.1025,2.6783,0.2754,5.8671,113.6518,2.5772,3.6668,0.2510
20/8/2019,0.0180,0.1019,2.6792,0.2748,5.8505,113.8152,2.5809,3.6579,0.2511
21/8/2019,0.0180,0.1025,2.6775,0.2746,5.8369,113.7063,2.5784,3.6404,0.2509
22/8/2019,0.0180,0.1025,2.6720,0.2748,5.8431,113.6518,2.5772,3.6460,0.2508
23/8/2019,0.0180,0.1027,2.6738,0.2757,5.8165,113.9241,2.5833,3.6420,0.2518
26/8/2019,0.0181,0.1039,2.6819,0.2772,5.8784,114.4685,2.5957,3.6670,0.2529
27/8/2019,0.0181,0.1028,2.6800,0.2774,5.8337,114.3868,2.5938,3.6460,0.2530
28/8/2019,0.0181,0.1028,2.6719,0.2772,5.8727,114.4004,2.5941,3.6742,0.2535
29/8/2019,0.0181,0.1032,2.6691,0.2775,5.8612,114.6715,2.6760,3.6674,0.2537
30/8/2019,0.0182,0.1032,2.6590,0.2777,5.8828,114.8224,2.6798,3.6710,0.2541
3/9/2019,0.0182,0.1034,2.6556,0.2776,5.8623,114.8768,2.6794,3.6933,0.2541
4/9/2019,0.0182,0.1035,2.6666,0.2771,5.8354,114.6590,2.6743,3.6354,0.2537
5/9/2019,0.0181,0.1030,2.6674,0.2745,5.8274,114.1690,2.6629,3.6343,0.2533
6/9/2019,0.0180,0.1017,2.6671,0.2723,5.8163,113.9241,2.6571,3.6404,0.2532
10/9/2019,0.0180,0.1021,2.6801,0.2720,5.8075,113.5157,2.6476,3.6343,0.2526
11/9/2019,0.0180,0.1020,2.6726,0.2738,5.8013,113.5157,2.6476,3.6343,0.2526
12/9/2019,0.0180,0.1005,2.6795,0.2731,5.8270,113.5429,2.6483,3.6377,0.2531
13/9/2019,0.0179,0.1016,2.6647,0.2730,5.8632,113.3252,2.6432,3.6575,0.2528
17/9/2019,0.0180,0.1016,2.6452,0.2730,5.8254,113.5429,2.6483,3.6409,0.2550
18/9/2019,0.0180,0.1011,2.6495,0.2727,5.8386,113.6518,2.6508,3.6349,0.2549
19/9/2019,0.0181,0.1025,2.6409,0.2735,5.8888,114.0738,2.6606,3.6765,0.2555
20/9/2019,0.0180,0.1022,2.6294,0.2731,5.8574,113.8152,2.6546,3.6637,0.2556
23/9/2019,0.0180,0.1020,2.6148,0.2726,5.8700,113.5974,2.6495,3.6760,0.2552
24/9/2019,0.0180,0.1025,2.6278,0.2775,5.8987,113.7063,2.6521,3.6802,0.2555
25/9/2019,0.0180,0.1016,2.6420,0.2734,5.8903,113.8696,2.6559,3.6816,0.2557
26/9/2019,0.0181,0.1023,2.6298,0.2740,5.9053,114.1418,2.6622,3.6891,0.2570
27/9/2019,0.0181,0.1014,2.6349,0.2740,5.9018,114.0329,2.6597,3.6934,0.2561
